"filename", "language", "Markdown", "XML", "C++", "JSON", "PowerShell", "Shell Script", "C#", "Java", "Batch", "C", "comment", "blank", "total"
"/Users/senyunyao/Dev Local/tianyu-native/README.md", "Markdown", 1, 0, 0, 0, 0, 0, 0, 0, 0, 0, 0, 0, 1
"/Users/senyunyao/Dev Local/tianyu-native/config/.prettierrc", "JSON", 0, 0, 0, 18, 0, 0, 0, 0, 0, 0, 0, 1, 19
"/Users/senyunyao/Dev Local/tianyu-native/config/eclipse-formatter.xml", "XML", 0, 315, 0, 0, 0, 0, 0, 0, 0, 0, 0, 1, 316
"/Users/senyunyao/Dev Local/tianyu-native/native/dty-core.cpp", "C++", 0, 0, 256, 0, 0, 0, 0, 0, 0, 0, 27, 44, 327
"/Users/senyunyao/Dev Local/tianyu-native/native/dty-core.hxx", "C++", 0, 0, 668, 0, 0, 0, 0, 0, 0, 0, 368, 153, 1189
"/Users/senyunyao/Dev Local/tianyu-native/native/dty-test-core.cpp", "C++", 0, 0, 760, 0, 0, 0, 0, 0, 0, 0, 24, 185, 969
"/Users/senyunyao/Dev Local/tianyu-native/native/io/iobase.hpp", "C++", 0, 0, 0, 0, 0, 0, 0, 0, 0, 0, 0, 1, 1
"/Users/senyunyao/Dev Local/tianyu-native/native/io/package.json", "JSON", 0, 0, 0, 19, 0, 0, 0, 0, 0, 0, 0, 1, 20
"/Users/senyunyao/Dev Local/tianyu-native/native/math/base/baseValue.cpp", "C++", 0, 0, 14, 0, 0, 0, 0, 0, 0, 0, 10, 3, 27
"/Users/senyunyao/Dev Local/tianyu-native/native/math/base/bytesCalc.cpp", "C++", 0, 0, 166, 0, 0, 0, 0, 0, 0, 0, 77, 34, 277
"/Users/senyunyao/Dev Local/tianyu-native/native/math/base/decimalCalc.cpp", "C++", 0, 0, 0, 0, 0, 0, 0, 0, 0, 0, 0, 1, 1
"/Users/senyunyao/Dev Local/tianyu-native/native/math/bignumber.hpp", "C++", 0, 0, 314, 0, 0, 0, 0, 0, 0, 0, 73, 61, 448
"/Users/senyunyao/Dev Local/tianyu-native/native/math/common.hpp", "C++", 0, 0, 20, 0, 0, 0, 0, 0, 0, 0, 30, 5, 55
"/Users/senyunyao/Dev Local/tianyu-native/native/math/src/biginteger.cpp", "C++", 0, 0, 540, 0, 0, 0, 0, 0, 0, 0, 6, 111, 657
"/Users/senyunyao/Dev Local/tianyu-native/native/model/dataSet.hpp", "C++", 0, 0, 0, 0, 0, 0, 0, 0, 0, 0, 0, 1, 1
"/Users/senyunyao/Dev Local/tianyu-native/native/model/dataTable.hpp", "C++", 0, 0, 0, 0, 0, 0, 0, 0, 0, 0, 0, 1, 1
"/Users/senyunyao/Dev Local/tianyu-native/native/model/dataView.hpp", "C++", 0, 0, 0, 0, 0, 0, 0, 0, 0, 0, 0, 1, 1
"/Users/senyunyao/Dev Local/tianyu-native/native/model/dom.hpp", "C++", 0, 0, 0, 0, 0, 0, 0, 0, 0, 0, 0, 1, 1
"/Users/senyunyao/Dev Local/tianyu-native/native/model/dombase.hpp", "C++", 0, 0, 0, 0, 0, 0, 0, 0, 0, 0, 0, 1, 1
"/Users/senyunyao/Dev Local/tianyu-native/native/model/package.json", "JSON", 0, 0, 0, 24, 0, 0, 0, 0, 0, 0, 0, 1, 25
"/Users/senyunyao/Dev Local/tianyu-native/native/prime.hxx", "C++", 0, 0, 27, 0, 0, 0, 0, 0, 0, 0, 11, 12, 50
"/Users/senyunyao/Dev Local/tianyu-native/native/prime/array.hpp", "C++", 0, 0, 87, 0, 0, 0, 0, 0, 0, 0, 13, 16, 116
"/Users/senyunyao/Dev Local/tianyu-native/native/prime/async.hpp", "C++", 0, 0, 160, 0, 0, 0, 0, 0, 0, 0, 10, 31, 201
"/Users/senyunyao/Dev Local/tianyu-native/native/prime/concurrentBag.hpp", "C++", 0, 0, 0, 0, 0, 0, 0, 0, 0, 0, 0, 1, 1
"/Users/senyunyao/Dev Local/tianyu-native/native/prime/concurrentBiosphere.hpp", "C++", 0, 0, 0, 0, 0, 0, 0, 0, 0, 0, 0, 1, 1
"/Users/senyunyao/Dev Local/tianyu-native/native/prime/concurrentDictionary.hpp", "C++", 0, 0, 0, 0, 0, 0, 0, 0, 0, 0, 0, 1, 1
"/Users/senyunyao/Dev Local/tianyu-native/native/prime/concurrentQueue.hpp", "C++", 0, 0, 0, 0, 0, 0, 0, 0, 0, 0, 0, 1, 1
"/Users/senyunyao/Dev Local/tianyu-native/native/prime/concurrentStack.hpp", "C++", 0, 0, 0, 0, 0, 0, 0, 0, 0, 0, 0, 1, 1
"/Users/senyunyao/Dev Local/tianyu-native/native/prime/console.hpp", "C++", 0, 0, 7, 0, 0, 0, 0, 0, 0, 0, 10, 5, 22
"/Users/senyunyao/Dev Local/tianyu-native/native/prime/core.hxx", "C++", 0, 0, 14, 0, 0, 0, 0, 0, 0, 0, 12, 6, 32
"/Users/senyunyao/Dev Local/tianyu-native/native/prime/core/arghelper.hpp", "C++", 0, 0, 43, 0, 0, 0, 0, 0, 0, 0, 102, 39, 184
"/Users/senyunyao/Dev Local/tianyu-native/native/prime/core/basetype.hpp", "C++", 0, 0, 222, 0, 0, 0, 0, 0, 0, 0, 64, 59, 345
"/Users/senyunyao/Dev Local/tianyu-native/native/prime/core/consolebase.hpp", "C++", 0, 0, 10, 0, 0, 0, 0, 0, 0, 0, 10, 5, 25
"/Users/senyunyao/Dev Local/tianyu-native/native/prime/core/error.hpp", "C++", 0, 0, 128, 0, 0, 0, 0, 0, 0, 0, 10, 31, 169
"/Users/senyunyao/Dev Local/tianyu-native/native/prime/core/event.hpp", "C++", 0, 0, 45, 0, 0, 0, 0, 0, 0, 0, 10, 18, 73
"/Users/senyunyao/Dev Local/tianyu-native/native/prime/core/formatter.hpp", "C++", 0, 0, 78, 0, 0, 0, 0, 0, 0, 0, 16, 19, 113
"/Users/senyunyao/Dev Local/tianyu-native/native/prime/core/icollections.hpp", "C++", 0, 0, 16, 0, 0, 0, 0, 0, 0, 0, 11, 7, 34
"/Users/senyunyao/Dev Local/tianyu-native/native/prime/core/internal.h", "C++", 0, 0, 75, 0, 0, 0, 0, 0, 0, 0, 13, 22, 110
"/Users/senyunyao/Dev Local/tianyu-native/native/prime/core/iterator.hpp", "C++", 0, 0, 109, 0, 0, 0, 0, 0, 0, 0, 10, 34, 153
"/Users/senyunyao/Dev Local/tianyu-native/native/prime/core/msgbundle.hpp", "C++", 0, 0, 69, 0, 0, 0, 0, 0, 0, 0, 10, 19, 98
"/Users/senyunyao/Dev Local/tianyu-native/native/prime/core/pointer.hpp", "C++", 0, 0, 74, 0, 0, 0, 0, 0, 0, 0, 162, 18, 254
"/Users/senyunyao/Dev Local/tianyu-native/native/prime/core/property.hpp", "C++", 0, 0, 72, 0, 0, 0, 0, 0, 0, 0, 11, 22, 105
"/Users/senyunyao/Dev Local/tianyu-native/native/prime/core/res/basetype.cc", "C++", 0, 0, 194, 0, 0, 0, 0, 0, 0, 0, 15, 38, 247
"/Users/senyunyao/Dev Local/tianyu-native/native/prime/core/res/event.cc", "C++", 0, 0, 100, 0, 0, 0, 0, 0, 0, 0, 12, 24, 136
"/Users/senyunyao/Dev Local/tianyu-native/native/prime/core/res/icollections.cc", "C++", 0, 0, 8, 0, 0, 0, 0, 0, 0, 0, 10, 3, 21
"/Users/senyunyao/Dev Local/tianyu-native/native/prime/core/res/internal.cc", "C++", 0, 0, 30, 0, 0, 0, 0, 0, 0, 0, 11, 11, 52
"/Users/senyunyao/Dev Local/tianyu-native/native/prime/core/res/iterator.cc", "C++", 0, 0, 303, 0, 0, 0, 0, 0, 0, 0, 25, 82, 410
"/Users/senyunyao/Dev Local/tianyu-native/native/prime/core/res/pointer.cc", "C++", 0, 0, 223, 0, 0, 0, 0, 0, 0, 0, 27, 56, 306
"/Users/senyunyao/Dev Local/tianyu-native/native/prime/core/res/property.cc", "C++", 0, 0, 96, 0, 0, 0, 0, 0, 0, 0, 18, 28, 142
"/Users/senyunyao/Dev Local/tianyu-native/native/prime/core/src/arghelper.cpp", "C++", 0, 0, 191, 0, 0, 0, 0, 0, 0, 0, 30, 67, 288
"/Users/senyunyao/Dev Local/tianyu-native/native/prime/core/src/boolean.cpp", "C++", 0, 0, 97, 0, 0, 0, 0, 0, 0, 0, 0, 21, 118
"/Users/senyunyao/Dev Local/tianyu-native/native/prime/core/src/double.cpp", "C++", 0, 0, 166, 0, 0, 0, 0, 0, 0, 0, 0, 35, 201
"/Users/senyunyao/Dev Local/tianyu-native/native/prime/core/src/error.cpp", "C++", 0, 0, 218, 0, 0, 0, 0, 0, 0, 0, 30, 42, 290
"/Users/senyunyao/Dev Local/tianyu-native/native/prime/core/src/event.cpp", "C++", 0, 0, 15, 0, 0, 0, 0, 0, 0, 0, 0, 5, 20
"/Users/senyunyao/Dev Local/tianyu-native/native/prime/core/src/float.cpp", "C++", 0, 0, 166, 0, 0, 0, 0, 0, 0, 0, 0, 35, 201
"/Users/senyunyao/Dev Local/tianyu-native/native/prime/core/src/mutex.cpp", "C++", 0, 0, 0, 0, 0, 0, 0, 0, 0, 0, 0, 1, 1
"/Users/senyunyao/Dev Local/tianyu-native/native/prime/core/src/thread.cpp", "C++", 0, 0, 3, 0, 0, 0, 0, 0, 0, 0, 1, 1, 5
"/Users/senyunyao/Dev Local/tianyu-native/native/prime/core/src/thread_pool.cpp", "C++", 0, 0, 0, 0, 0, 0, 0, 0, 0, 0, 0, 1, 1
"/Users/senyunyao/Dev Local/tianyu-native/native/prime/core/src/timer.cpp", "C++", 0, 0, 0, 0, 0, 0, 0, 0, 0, 0, 0, 1, 1
"/Users/senyunyao/Dev Local/tianyu-native/native/prime/core/thread.hpp", "C++", 0, 0, 87, 0, 0, 0, 0, 0, 0, 0, 13, 22, 122
"/Users/senyunyao/Dev Local/tianyu-native/native/prime/dictionary.hpp", "C++", 0, 0, 0, 0, 0, 0, 0, 0, 0, 0, 0, 1, 1
"/Users/senyunyao/Dev Local/tianyu-native/native/prime/guid.hpp", "C++", 0, 0, 68, 0, 0, 0, 0, 0, 0, 0, 10, 13, 91
"/Users/senyunyao/Dev Local/tianyu-native/native/prime/list.hpp", "C++", 0, 0, 0, 0, 0, 0, 0, 0, 0, 0, 0, 1, 1
"/Users/senyunyao/Dev Local/tianyu-native/native/prime/math.hpp", "C++", 0, 0, 116, 0, 0, 0, 0, 0, 0, 0, 11, 19, 146
"/Users/senyunyao/Dev Local/tianyu-native/native/prime/object.hpp", "C++", 0, 0, 438, 0, 0, 0, 0, 0, 0, 0, 10, 68, 516
"/Users/senyunyao/Dev Local/tianyu-native/native/prime/package.json", "JSON", 0, 0, 0, 13, 0, 0, 0, 0, 0, 0, 0, 1, 14
"/Users/senyunyao/Dev Local/tianyu-native/native/prime/queue.hpp", "C++", 0, 0, 0, 0, 0, 0, 0, 0, 0, 0, 0, 1, 1
"/Users/senyunyao/Dev Local/tianyu-native/native/prime/random.hpp", "C++", 0, 0, 23, 0, 0, 0, 0, 0, 0, 0, 10, 8, 41
"/Users/senyunyao/Dev Local/tianyu-native/native/prime/set.hpp", "C++", 0, 0, 0, 0, 0, 0, 0, 0, 0, 0, 0, 1, 1
"/Users/senyunyao/Dev Local/tianyu-native/native/prime/src/console.cpp", "C++", 0, 0, 177, 0, 0, 0, 0, 0, 0, 0, 15, 51, 243
"/Users/senyunyao/Dev Local/tianyu-native/native/prime/src/datetime.cpp", "C++", 0, 0, 0, 0, 0, 0, 0, 0, 0, 0, 0, 1, 1
"/Users/senyunyao/Dev Local/tianyu-native/native/prime/src/guid.cpp", "C++", 0, 0, 208, 0, 0, 0, 0, 0, 0, 0, 0, 27, 235
"/Users/senyunyao/Dev Local/tianyu-native/native/prime/src/math.cpp", "C++", 0, 0, 0, 0, 0, 0, 0, 0, 0, 0, 0, 1, 1
"/Users/senyunyao/Dev Local/tianyu-native/native/prime/src/mathf.cpp", "C++", 0, 0, 0, 0, 0, 0, 0, 0, 0, 0, 0, 1, 1
"/Users/senyunyao/Dev Local/tianyu-native/native/prime/src/string.cpp", "C++", 0, 0, 996, 0, 0, 0, 0, 0, 0, 0, 7, 267, 1270
"/Users/senyunyao/Dev Local/tianyu-native/native/prime/src/system.cpp", "C++", 0, 0, 1, 0, 0, 0, 0, 0, 0, 0, 0, 2, 3
"/Users/senyunyao/Dev Local/tianyu-native/native/prime/src/timespan.cpp", "C++", 0, 0, 0, 0, 0, 0, 0, 0, 0, 0, 0, 1, 1
"/Users/senyunyao/Dev Local/tianyu-native/native/prime/src/version.cpp", "C++", 0, 0, 224, 0, 0, 0, 0, 0, 0, 0, 0, 39, 263
"/Users/senyunyao/Dev Local/tianyu-native/native/prime/stack.hpp", "C++", 0, 0, 15, 0, 0, 0, 0, 0, 0, 0, 11, 4, 30
"/Users/senyunyao/Dev Local/tianyu-native/native/prime/string.hpp", "C++", 0, 0, 136, 0, 0, 0, 0, 0, 0, 0, 10, 25, 171
"/Users/senyunyao/Dev Local/tianyu-native/native/prime/system.hpp", "C++", 0, 0, 26, 0, 0, 0, 0, 0, 0, 0, 11, 9, 46
"/Users/senyunyao/Dev Local/tianyu-native/native/prime/times.hpp", "C++", 0, 0, 198, 0, 0, 0, 0, 0, 0, 0, 11, 35, 244
"/Users/senyunyao/Dev Local/tianyu-native/native/prime/version.hpp", "C++", 0, 0, 52, 0, 0, 0, 0, 0, 0, 0, 10, 14, 76
"/Users/senyunyao/Dev Local/tianyu-native/native/res/i18n/dty-core.json", "JSON", 0, 0, 0, 42, 0, 0, 0, 0, 0, 0, 0, 1, 43
"/Users/senyunyao/Dev Local/tianyu-native/native/res/i18n/dty-test-core.json", "JSON", 0, 0, 0, 87, 0, 0, 0, 0, 0, 0, 0, 1, 88
"/Users/senyunyao/Dev Local/tianyu-native/native/text/encoding.hpp", "C++", 0, 0, 0, 0, 0, 0, 0, 0, 0, 0, 0, 1, 1
"/Users/senyunyao/Dev Local/tianyu-native/native/text/package.json", "JSON", 0, 0, 0, 19, 0, 0, 0, 0, 0, 0, 0, 1, 20
"/Users/senyunyao/Dev Local/tianyu-native/native/text/src/text.c", "C", 0, 0, 0, 0, 0, 0, 0, 0, 0, 0, 15, 0, 15
"/Users/senyunyao/Dev Local/tianyu-native/native/text/stringBuilder.hpp", "C++", 0, 0, 0, 0, 0, 0, 0, 0, 0, 0, 0, 1, 1
"/Users/senyunyao/Dev Local/tianyu-native/native/text/textbase.hpp", "C++", 0, 0, 0, 0, 0, 0, 0, 0, 0, 0, 0, 1, 1
"/Users/senyunyao/Dev Local/tianyu-native/native/text/wstring.hpp", "C++", 0, 0, 0, 0, 0, 0, 0, 0, 0, 0, 0, 1, 1
"/Users/senyunyao/Dev Local/tianyu-native/test/package.json", "JSON", 0, 0, 0, 0, 0, 0, 0, 0, 0, 0, 0, 1, 1
"/Users/senyunyao/Dev Local/tianyu-native/test/prime/core/event.cpp", "C++", 0, 0, 184, 0, 0, 0, 0, 0, 0, 0, 0, 52, 236
"/Users/senyunyao/Dev Local/tianyu-native/test/prime/core/iterator.cpp", "C++", 0, 0, 11, 0, 0, 0, 0, 0, 0, 0, 3, 4, 18
"/Users/senyunyao/Dev Local/tianyu-native/test/prime/core/package.json", "JSON", 0, 0, 0, 49, 0, 0, 0, 0, 0, 0, 0, 1, 50
"/Users/senyunyao/Dev Local/tianyu-native/test/prime/core/property.cpp", "C++", 0, 0, 179, 0, 0, 0, 0, 0, 0, 0, 0, 25, 204
"/Users/senyunyao/Dev Local/tianyu-native/test/prime/core/smartpointer.cpp", "C++", 0, 0, 602, 0, 0, 0, 0, 0, 0, 0, 37, 124, 763
"/Users/senyunyao/Dev Local/tianyu-native/test/prime/core/src/filter_result.cpp", "C++", 0, 0, 167, 0, 0, 0, 0, 0, 0, 0, 1, 35, 203
"/Users/senyunyao/Dev Local/tianyu-native/test/prime/core/src/iterator_entity.cpp", "C++", 0, 0, 402, 0, 0, 0, 0, 0, 0, 0, 4, 78, 484
"/Users/senyunyao/Dev Local/tianyu-native/test/prime/core/src/iterator_object.cpp", "C++", 0, 0, 91, 0, 0, 0, 0, 0, 0, 0, 2, 27, 120
"/Users/senyunyao/Dev Local/tianyu-native/test/prime/package.json", "JSON", 0, 0, 0, 0, 0, 0, 0, 0, 0, 0, 0, 1, 1
"/Users/senyunyao/Dev Local/tianyu-native/test/testframe.hxx", "C++", 0, 0, 5, 0, 0, 0, 0, 0, 0, 0, 10, 4, 19
"/Users/senyunyao/Dev Local/tianyu-native/tools/Automatic.bat", "Batch", 0, 0, 0, 0, 0, 0, 0, 0, 0, 0, 0, 1, 1
"/Users/senyunyao/Dev Local/tianyu-native/tools/Automatic.ps1", "PowerShell", 0, 0, 0, 0, 0, 0, 0, 0, 0, 0, 0, 1, 1
"/Users/senyunyao/Dev Local/tianyu-native/tools/Automatic.sh", "Shell Script", 0, 0, 0, 0, 0, 0, 0, 0, 0, 0, 0, 1, 1
"/Users/senyunyao/Dev Local/tianyu-native/tools/dotnet/Auto/Auto.csproj", "XML", 0, 11, 0, 0, 0, 0, 0, 0, 0, 0, 0, 4, 15
"/Users/senyunyao/Dev Local/tianyu-native/tools/dotnet/Build/Build.csproj", "XML", 0, 11, 0, 0, 0, 0, 0, 0, 0, 0, 0, 4, 15
"/Users/senyunyao/Dev Local/tianyu-native/tools/dotnet/Common/Common.csproj", "XML", 0, 8, 0, 0, 0, 0, 0, 0, 0, 0, 0, 3, 11
"/Users/senyunyao/Dev Local/tianyu-native/tools/dotnet/Common/EmDB/EmbeddedDB.cs", "C#", 0, 0, 0, 0, 0, 0, 14, 0, 0, 0, 0, 3, 17
"/Users/senyunyao/Dev Local/tianyu-native/tools/dotnet/Common/IO/IOHelper.cs", "C#", 0, 0, 0, 0, 0, 0, 10, 0, 0, 0, 0, 1, 11
"/Users/senyunyao/Dev Local/tianyu-native/tools/dotnet/Common/IO/Log.cs", "C#", 0, 0, 0, 0, 0, 0, 123, 0, 0, 0, 0, 31, 154
"/Users/senyunyao/Dev Local/tianyu-native/tools/dotnet/Common/Json/IJsonEntity.cs", "C#", 0, 0, 0, 0, 0, 0, 53, 0, 0, 0, 175, 12, 240
"/Users/senyunyao/Dev Local/tianyu-native/tools/dotnet/Common/Json/JsonEntity.cs", "C#", 0, 0, 0, 0, 0, 0, 56, 0, 0, 0, 7, 13, 76
"/Users/senyunyao/Dev Local/tianyu-native/tools/dotnet/Common/Json/JsonParams.cs", "C#", 0, 0, 0, 0, 0, 0, 16, 0, 0, 0, 28, 3, 47
"/Users/senyunyao/Dev Local/tianyu-native/tools/dotnet/Common/Json/JsonReader.cs", "C#", 0, 0, 0, 0, 0, 0, 49, 0, 0, 0, 0, 12, 61
"/Users/senyunyao/Dev Local/tianyu-native/tools/dotnet/Common/Json/JsonValue.cs", "C#", 0, 0, 0, 0, 0, 0, 104, 0, 0, 0, 0, 24, 128
"/Users/senyunyao/Dev Local/tianyu-native/tools/dotnet/Common/Param/Comparison.cs", "C#", 0, 0, 0, 0, 0, 0, 101, 0, 0, 0, 83, 21, 205
"/Users/senyunyao/Dev Local/tianyu-native/tools/dotnet/Common/Param/Handler.cs", "C#", 0, 0, 0, 0, 0, 0, 192, 0, 0, 0, 1, 31, 224
"/Users/senyunyao/Dev Local/tianyu-native/tools/dotnet/Common/Param/Params.cs", "C#", 0, 0, 0, 0, 0, 0, 117, 0, 0, 0, 0, 32, 149
"/Users/senyunyao/Dev Local/tianyu-native/tools/dotnet/Common/Process/ConsoleExecutor.cs", "C#", 0, 0, 0, 0, 0, 0, 104, 0, 0, 0, 1, 27, 132
"/Users/senyunyao/Dev Local/tianyu-native/tools/dotnet/Common/Process/IProcess.cs", "C#", 0, 0, 0, 0, 0, 0, 21, 0, 0, 0, 0, 4, 25
"/Users/senyunyao/Dev Local/tianyu-native/tools/dotnet/Common/Process/ISafePool.cs", "C#", 0, 0, 0, 0, 0, 0, 6, 0, 0, 0, 0, 2, 8
"/Users/senyunyao/Dev Local/tianyu-native/tools/dotnet/Common/Process/ProcessPool.cs", "C#", 0, 0, 0, 0, 0, 0, 480, 0, 0, 0, 15, 77, 572
"/Users/senyunyao/Dev Local/tianyu-native/tools/dotnet/Maker/Maker.csproj", "XML", 0, 11, 0, 0, 0, 0, 0, 0, 0, 0, 0, 4, 15
"/Users/senyunyao/Dev Local/tianyu-native/tools/dotnet/Start/Program.cs", "C#", 0, 0, 0, 0, 0, 0, 31, 0, 0, 0, 46, 22, 99
"/Users/senyunyao/Dev Local/tianyu-native/tools/dotnet/Start/Properties/launchSettings.json", "JSON", 0, 0, 0, 8, 0, 0, 0, 0, 0, 0, 0, 0, 8
"/Users/senyunyao/Dev Local/tianyu-native/tools/dotnet/Start/Start.csproj", "XML", 0, 15, 0, 0, 0, 0, 0, 0, 0, 0, 0, 4, 19
"/Users/senyunyao/Dev Local/tianyu-native/tools/dotnet/build.json", "JSON", 0, 0, 0, 36, 0, 0, 0, 0, 0, 0, 0, 1, 37
"/Users/senyunyao/Dev Local/tianyu-native/tools/dotnet/test.json", "JSON", 0, 0, 0, 13, 0, 0, 0, 0, 0, 0, 0, 1, 14
"/Users/senyunyao/Dev Local/tianyu-native/tools/java/Tools/Common/IO/ILog.java", "Java", 0, 0, 0, 0, 0, 0, 0, 20, 0, 0, 0, 15, 35
"/Users/senyunyao/Dev Local/tianyu-native/tools/java/Tools/Common/IO/IOHelper.java", "Java", 0, 0, 0, 0, 0, 0, 0, 15, 0, 0, 0, 2, 17
"/Users/senyunyao/Dev Local/tianyu-native/tools/java/Tools/Common/IO/Log.java", "Java", 0, 0, 0, 0, 0, 0, 0, 179, 0, 0, 0, 38, 217
"/Users/senyunyao/Dev Local/tianyu-native/tools/java/Tools/Common/Json/JsonEntity.java", "Java", 0, 0, 0, 0, 0, 0, 0, 4, 0, 0, 0, 3, 7
"/Users/senyunyao/Dev Local/tianyu-native/tools/java/Tools/Common/LogLevel.java", "Java", 0, 0, 0, 0, 0, 0, 0, 5, 0, 0, 0, 2, 7
"/Users/senyunyao/Dev Local/tianyu-native/tools/java/Tools/Common/Param/ComparisonCollection.java", "Java", 0, 0, 0, 0, 0, 0, 0, 35, 0, 0, 0, 13, 48
"/Users/senyunyao/Dev Local/tianyu-native/tools/java/Tools/Common/Param/ComparisonItem.java", "Java", 0, 0, 0, 0, 0, 0, 0, 26, 0, 0, 0, 7, 33
"/Users/senyunyao/Dev Local/tianyu-native/tools/java/Tools/Common/Param/ComparisonKey.java", "Java", 0, 0, 0, 0, 0, 0, 0, 43, 0, 0, 0, 10, 53
"/Users/senyunyao/Dev Local/tianyu-native/tools/java/Tools/Common/Param/ParamAdditionState.java", "Java", 0, 0, 0, 0, 0, 0, 0, 5, 0, 0, 0, 2, 7
"/Users/senyunyao/Dev Local/tianyu-native/tools/java/Tools/Common/Param/ParameterHandler.java", "Java", 0, 0, 0, 0, 0, 0, 0, 161, 0, 0, 0, 34, 195
"/Users/senyunyao/Dev Local/tianyu-native/tools/java/Tools/Common/Param/ParameterHandlerDelegate.java", "Java", 0, 0, 0, 0, 0, 0, 0, 6, 0, 0, 0, 3, 9
"/Users/senyunyao/Dev Local/tianyu-native/tools/java/Tools/Common/Param/ParameterHandlerResult.java", "Java", 0, 0, 0, 0, 0, 0, 0, 6, 0, 0, 0, 2, 8
"/Users/senyunyao/Dev Local/tianyu-native/tools/java/Tools/Common/Param/Parameters.java", "Java", 0, 0, 0, 0, 0, 0, 0, 44, 0, 0, 0, 15, 59
"/Users/senyunyao/Dev Local/tianyu-native/tools/java/Tools/Common/Param/ParametersItem.java", "Java", 0, 0, 0, 0, 0, 0, 0, 31, 0, 0, 0, 10, 41
"/Users/senyunyao/Dev Local/tianyu-native/tools/java/Tools/Common/Process/ConsoleExecutor.java", "Java", 0, 0, 0, 0, 0, 0, 0, 4, 0, 0, 0, 3, 7
"/Users/senyunyao/Dev Local/tianyu-native/tools/java/Tools/Start/Start.java", "Java", 0, 0, 0, 0, 0, 0, 0, 74, 0, 0, 0, 17, 91
"/Users/senyunyao/Dev Local/tianyu-native/tools/java/build.json", "JSON", 0, 0, 0, 14, 0, 0, 0, 0, 0, 0, 0, 1, 15
"/Users/senyunyao/Dev Local/tianyu-native/tools/java/test.json", "JSON", 0, 0, 0, 13, 0, 0, 0, 0, 0, 0, 0, 1, 14
"Total", "-", 1, 371, 10190, 355, 0, 0, 1477, 658, 0, 0, 1836, 2914, 17802